t,agent_x,agent_y,goal_x,goal_y,subgoal_x,subgoal_y,waypoint_x,waypoint_y,new_high_command
0,0.032758929043957774,0.0029778224116617097,0.0,16.0,9.342320442199707,7.785197734832764,9.342320442199707,7.785197734832764,1
1,0.04160825196627632,0.003146371004344603,0.0,16.0,9.342320442199707,7.785197734832764,9.342320442199707,7.785197734832764,0
2,0.05034668384557859,0.004643182119064135,0.0,16.0,9.342320442199707,7.785197734832764,9.342320442199707,7.785197734832764,0
3,0.07287248471861638,0.03202741360871642,0.0,16.0,9.342320442199707,7.785197734832764,9.342320442199707,7.785197734832764,0
4,0.09124329414944876,0.04545451735533482,0.0,16.0,9.342320442199707,7.785197734832764,9.342320442199707,7.785197734832764,0
5,0.10818991444324229,0.05002451148180014,0.0,16.0,9.342320442199707,7.785197734832764,9.342320442199707,7.785197734832764,0
6,0.14939373141106688,0.036344086879812415,0.0,16.0,9.342320442199707,7.785197734832764,9.342320442199707,7.785197734832764,0
7,0.16793464306623834,0.0602947918418009,0.0,16.0,9.342320442199707,7.785197734832764,9.342320442199707,7.785197734832764,0
8,0.17582473258130377,0.0842781557817602,0.0,16.0,9.342320442199707,7.785197734832764,9.342320442199707,7.785197734832764,0
9,0.18052253880874286,0.10142385630921565,0.0,16.0,9.342320442199707,7.785197734832764,9.342320442199707,7.785197734832764,0
10,0.18317016308406325,0.11435160106980914,0.0,16.0,9.342320442199707,7.785197734832764,9.342320442199707,7.785197734832764,0
11,0.18364161750421443,0.12449963806543325,0.0,16.0,9.342320442199707,7.785197734832764,9.342320442199707,7.785197734832764,0
12,0.18134985546402024,0.13142150687106086,0.0,16.0,9.342320442199707,7.785197734832764,9.342320442199707,7.785197734832764,0
13,0.17840634853473636,0.13621045997453213,0.0,16.0,9.342320442199707,7.785197734832764,9.342320442199707,7.785197734832764,0
14,0.17461837298413876,0.13915916408515538,0.0,16.0,9.342320442199707,7.785197734832764,9.342320442199707,7.785197734832764,0
15,0.1696320108664384,0.14032219311454647,0.0,16.0,9.342320442199707,7.785197734832764,9.342320442199707,7.785197734832764,0
16,0.16302338807242234,0.13954088399270398,0.0,16.0,9.342320442199707,7.785197734832764,9.342320442199707,7.785197734832764,0
17,0.15427580274714087,0.1363450344146855,0.0,16.0,9.342320442199707,7.785197734832764,9.342320442199707,7.785197734832764,0
18,0.1426458900495741,0.12996110026542407,0.0,16.0,9.342320442199707,7.785197734832764,9.342320442199707,7.785197734832764,0
19,0.12706064043807397,0.11925872032725061,0.0,16.0,9.342320442199707,7.785197734832764,9.342320442199707,7.785197734832764,0
20,0.10601852160939437,0.10265666959276575,0.0,16.0,9.342320442199707,7.785197734832764,9.342320442199707,7.785197734832764,0
21,0.07832072159227237,0.07711395233540698,0.0,16.0,9.342320442199707,7.785197734832764,9.342320442199707,7.785197734832764,0
22,0.061197243785086744,0.05589602296303148,0.0,16.0,9.342320442199707,7.785197734832764,9.342320442199707,7.785197734832764,0
23,0.05984283994539814,0.05190603792876934,0.0,16.0,9.342320442199707,7.785197734832764,9.342320442199707,7.785197734832764,0
24,0.056523573506275,0.046870707582597156,0.0,16.0,9.342320442199707,7.785197734832764,9.342320442199707,7.785197734832764,0
25,0.05323197915059278,0.04115739902145181,0.0,16.0,9.342320442199707,7.785197734832764,9.342320442199707,7.785197734832764,0
26,0.05054495893379919,0.036085957521252675,0.0,16.0,9.342320442199707,7.785197734832764,9.342320442199707,7.785197734832764,0
27,0.04820305072031499,0.03149195024839871,0.0,16.0,9.342320442199707,7.785197734832764,9.342320442199707,7.785197734832764,0
28,0.046151530117787186,0.02728325827413395,0.0,16.0,9.342320442199707,7.785197734832764,9.342320442199707,7.785197734832764,0
29,0.044330594255512876,0.02337178756185751,0.0,16.0,9.342320442199707,7.785197734832764,9.342320442199707,7.785197734832764,0
30,0.04268970094251894,0.01968523322371273,0.0,16.0,9.342320442199707,7.785197734832764,9.342320442199707,7.785197734832764,0
31,0.04119039407795947,0.01616829482885971,0.0,16.0,9.342320442199707,7.785197734832764,9.342320442199707,7.785197734832764,0
32,0.03980392007414411,0.012779184460030932,0.0,16.0,9.342320442199707,7.785197734832764,9.342320442199707,7.785197734832764,0
33,0.03850661605075289,0.009487319432573457,0.0,16.0,9.342320442199707,7.785197734832764,9.342320442199707,7.785197734832764,0
34,0.03726423241607655,0.006266044324818959,0.0,16.0,9.342320442199707,7.785197734832764,9.342320442199707,7.785197734832764,0
35,0.03605155133396124,0.003081085434494409,0.0,16.0,9.342320442199707,7.785197734832764,9.342320442199707,7.785197734832764,0
36,0.034857866048383764,-8.890961306283777e-05,0.0,16.0,9.342320442199707,7.785197734832764,9.342320442199707,7.785197734832764,0
37,0.033678242110398604,-0.003255919977869047,0.0,16.0,9.342320442199707,7.785197734832764,9.342320442199707,7.785197734832764,0
38,0.032509857638914626,-0.006427403566241972,0.0,16.0,9.342320442199707,7.785197734832764,9.342320442199707,7.785197734832764,0
39,0.03135098138437738,-0.009608170392570791,0.0,16.0,9.342320442199707,7.785197734832764,9.342320442199707,7.785197734832764,0
40,0.030200582104818553,-0.012801272197201195,0.0,16.0,9.342320442199707,7.785197734832764,9.342320442199707,7.785197734832764,0
41,0.02905809405276014,-0.016008571488280724,0.0,16.0,9.342320442199707,7.785197734832764,9.342320442199707,7.785197734832764,0
42,0.027923264479347048,-0.019231115494262967,0.0,16.0,9.342320442199707,7.785197734832764,9.342320442199707,7.785197734832764,0
43,0.026796090058417116,-0.022469278441717613,0.0,16.0,9.342320442199707,7.785197734832764,9.342320442199707,7.785197734832764,0
44,0.025676732927017425,-0.025722967105936592,0.0,16.0,9.342320442199707,7.785197734832764,9.342320442199707,7.785197734832764,0
45,0.024565410540001446,-0.028991918920852382,0.0,16.0,9.342320442199707,7.785197734832764,9.342320442199707,7.785197734832764,0
46,0.023462372465207274,-0.03227576391270245,0.0,16.0,9.342320442199707,7.785197734832764,9.342320442199707,7.785197734832764,0
47,0.022367888377294327,-0.035574057228625014,0.0,16.0,9.342320442199707,7.785197734832764,9.342320442199707,7.785197734832764,0
48,0.02128223095634635,-0.03888632178794539,0.0,16.0,9.342320442199707,7.785197734832764,9.342320442199707,7.785197734832764,0
49,0.020205670633424183,-0.04221207439222736,0.0,16.0,9.342320442199707,7.785197734832764,9.342320442199707,7.785197734832764,0
50,0.019138479819424094,-0.04555081328221215,0.0,16.0,9.342320442199707,7.785197734832764,9.342320442199707,7.785197734832764,0
51,0.01808093229918386,-0.04890200804066685,0.0,16.0,9.342320442199707,7.785197734832764,9.342320442199707,7.785197734832764,0
52,0.017664567556021245,-0.050285605177838415,0.0,16.0,9.342320442199707,7.785197734832764,9.342320442199707,7.785197734832764,0
53,0.0177707951622765,-0.04997201295844602,0.0,16.0,9.342320442199707,7.785197734832764,9.342320442199707,7.785197734832764,0
54,0.017805730457317388,-0.049872438209829374,0.0,16.0,9.342320442199707,7.785197734832764,9.342320442199707,7.785197734832764,0
55,0.01780858888398376,-0.049863179811969416,0.0,16.0,9.342320442199707,7.785197734832764,9.342320442199707,7.785197734832764,0
56,0.017807970944205123,-0.04986418302364058,0.0,16.0,9.342320442199707,7.785197734832764,9.342320442199707,7.785197734832764,0
57,0.017807755641273456,-0.04986462658333449,0.0,16.0,9.342320442199707,7.785197734832764,9.342320442199707,7.785197734832764,0
58,0.017807731723721507,-0.04986468238327658,0.0,16.0,9.342320442199707,7.785197734832764,9.342320442199707,7.785197734832764,0
59,0.01780773340824868,-0.049864680726891,0.0,16.0,9.342320442199707,7.785197734832764,9.342320442199707,7.785197734832764,0
60,0.01780773446552317,-0.04986467890461512,0.0,16.0,9.342320442199707,7.785197734832764,9.342320442199707,7.785197734832764,0
61,0.017807734606144838,-0.049864678627199795,0.0,16.0,9.342320442199707,7.785197734832764,9.342320442199707,7.785197734832764,0
62,0.017807734599976126,-0.04986467863350795,0.0,16.0,9.342320442199707,7.785197734832764,9.342320442199707,7.785197734832764,0
63,0.01780773459555921,-0.04986467864257092,0.0,16.0,9.342320442199707,7.785197734832764,9.342320442199707,7.785197734832764,0
64,0.017807734594849602,-0.0498646786440846,0.0,16.0,9.342320442199707,7.785197734832764,9.342320442199707,7.785197734832764,0
65,0.017807734594839773,-0.04986467864412078,0.0,16.0,9.342320442199707,7.785197734832764,9.342320442199707,7.785197734832764,0
66,0.017807734594858925,-0.04986467864408575,0.0,16.0,9.342320442199707,7.785197734832764,9.342320442199707,7.785197734832764,0
67,0.017807734594862894,-0.04986467864407823,0.0,16.0,9.342320442199707,7.785197734832764,9.342320442199707,7.785197734832764,0
68,0.01780773459486313,-0.0498646786440778,0.0,16.0,9.342320442199707,7.785197734832764,9.342320442199707,7.785197734832764,0
69,0.01780773459486305,-0.0498646786440779,0.0,16.0,9.342320442199707,7.785197734832764,9.342320442199707,7.785197734832764,0
70,0.017807734594862984,-0.049864678644077884,0.0,16.0,9.342320442199707,7.785197734832764,9.342320442199707,7.785197734832764,0
71,0.01780773459486294,-0.04986467864407784,0.0,16.0,9.342320442199707,7.785197734832764,9.342320442199707,7.785197734832764,0
72,0.017807734594862897,-0.0498646786440778,0.0,16.0,9.342320442199707,7.785197734832764,9.342320442199707,7.785197734832764,0
73,0.017807734594862856,-0.04986467864407775,0.0,16.0,9.342320442199707,7.785197734832764,9.342320442199707,7.785197734832764,0
74,0.01780773459486281,-0.04986467864407771,0.0,16.0,9.342320442199707,7.785197734832764,9.342320442199707,7.785197734832764,0
75,0.017807734594862765,-0.04986467864407767,0.0,16.0,9.342320442199707,7.785197734832764,9.342320442199707,7.785197734832764,0
76,0.017807734594862724,-0.04986467864407763,0.0,16.0,9.342320442199707,7.785197734832764,9.342320442199707,7.785197734832764,0
77,0.017807734594862682,-0.04986467864407758,0.0,16.0,9.342320442199707,7.785197734832764,9.342320442199707,7.785197734832764,0
78,0.017807734594862637,-0.04986467864407754,0.0,16.0,9.342320442199707,7.785197734832764,9.342320442199707,7.785197734832764,0
79,0.017807734594862592,-0.049864678644077495,0.0,16.0,9.342320442199707,7.785197734832764,9.342320442199707,7.785197734832764,0
80,0.01780773459486255,-0.049864678644077454,0.0,16.0,9.342320442199707,7.785197734832764,9.342320442199707,7.785197734832764,0
81,0.01780773459486251,-0.049864678644077405,0.0,16.0,9.342320442199707,7.785197734832764,9.342320442199707,7.785197734832764,0
82,0.017807734594862464,-0.04986467864407736,0.0,16.0,9.342320442199707,7.785197734832764,9.342320442199707,7.785197734832764,0
83,0.01780773459486242,-0.04986467864407732,0.0,16.0,9.342320442199707,7.785197734832764,9.342320442199707,7.785197734832764,0
84,0.017807734594862377,-0.04986467864407728,0.0,16.0,9.342320442199707,7.785197734832764,9.342320442199707,7.785197734832764,0
85,0.017807734594862335,-0.04986467864407723,0.0,16.0,9.342320442199707,7.785197734832764,9.342320442199707,7.785197734832764,0
86,0.01780773459486229,-0.04986467864407719,0.0,16.0,9.342320442199707,7.785197734832764,9.342320442199707,7.785197734832764,0
87,0.017807734594862245,-0.04986467864407715,0.0,16.0,9.342320442199707,7.785197734832764,9.342320442199707,7.785197734832764,0
88,0.017807734594862203,-0.04986467864407711,0.0,16.0,9.342320442199707,7.785197734832764,9.342320442199707,7.785197734832764,0
89,0.01780773459486216,-0.04986467864407706,0.0,16.0,9.342320442199707,7.785197734832764,9.342320442199707,7.785197734832764,0
90,0.017807734594862117,-0.049864678644077017,0.0,16.0,9.342320442199707,7.785197734832764,9.342320442199707,7.785197734832764,0
91,0.01780773459486207,-0.049864678644076975,0.0,16.0,9.342320442199707,7.785197734832764,9.342320442199707,7.785197734832764,0
92,0.01780773459486203,-0.04986467864407693,0.0,16.0,9.342320442199707,7.785197734832764,9.342320442199707,7.785197734832764,0
93,0.017807734594861988,-0.049864678644076885,0.0,16.0,9.342320442199707,7.785197734832764,9.342320442199707,7.785197734832764,0
94,0.017807734594861943,-0.04986467864407684,0.0,16.0,9.342320442199707,7.785197734832764,9.342320442199707,7.785197734832764,0
95,0.017807734594861898,-0.0498646786440768,0.0,16.0,9.342320442199707,7.785197734832764,9.342320442199707,7.785197734832764,0
96,0.017807734594861856,-0.04986467864407676,0.0,16.0,9.342320442199707,7.785197734832764,9.342320442199707,7.785197734832764,0
97,0.017807734594861815,-0.04986467864407671,0.0,16.0,9.342320442199707,7.785197734832764,9.342320442199707,7.785197734832764,0
98,0.01780773459486177,-0.04986467864407667,0.0,16.0,9.342320442199707,7.785197734832764,9.342320442199707,7.785197734832764,0
99,0.017807734594861725,-0.04986467864407663,0.0,16.0,9.342320442199707,7.785197734832764,9.342320442199707,7.785197734832764,0
100,0.017807734594861683,-0.049864678644076586,0.0,16.0,9.342320442199707,7.785197734832764,9.342320442199707,7.785197734832764,0
101,0.01780773459486164,-0.04986467864407654,0.0,16.0,9.342320442199707,7.785197734832764,9.342320442199707,7.785197734832764,0
102,0.017807734594861596,-0.049864678644076496,0.0,16.0,9.342320442199707,7.785197734832764,9.342320442199707,7.785197734832764,0
103,0.01780773459486155,-0.049864678644076454,0.0,16.0,9.342320442199707,7.785197734832764,9.342320442199707,7.785197734832764,0
104,0.01780773459486151,-0.04986467864407641,0.0,16.0,9.342320442199707,7.785197734832764,9.342320442199707,7.785197734832764,0
105,0.017807734594861468,-0.049864678644076364,0.0,16.0,9.342320442199707,7.785197734832764,9.342320442199707,7.785197734832764,0
106,0.017807734594861423,-0.04986467864407632,0.0,16.0,9.342320442199707,7.785197734832764,9.342320442199707,7.785197734832764,0
107,0.017807734594861378,-0.04986467864407628,0.0,16.0,9.342320442199707,7.785197734832764,9.342320442199707,7.785197734832764,0
108,0.017807734594861336,-0.04986467864407624,0.0,16.0,9.342320442199707,7.785197734832764,9.342320442199707,7.785197734832764,0
109,0.017807734594861294,-0.04986467864407619,0.0,16.0,9.342320442199707,7.785197734832764,9.342320442199707,7.785197734832764,0
110,0.01780773459486125,-0.04986467864407615,0.0,16.0,9.342320442199707,7.785197734832764,9.342320442199707,7.785197734832764,0
111,0.017807734594861204,-0.04986467864407611,0.0,16.0,9.342320442199707,7.785197734832764,9.342320442199707,7.785197734832764,0
112,0.017807734594861162,-0.049864678644076066,0.0,16.0,9.342320442199707,7.785197734832764,9.342320442199707,7.785197734832764,0
113,0.01780773459486112,-0.04986467864407602,0.0,16.0,9.342320442199707,7.785197734832764,9.342320442199707,7.785197734832764,0
114,0.017807734594861076,-0.049864678644075976,0.0,16.0,9.342320442199707,7.785197734832764,9.342320442199707,7.785197734832764,0
115,0.01780773459486103,-0.049864678644075934,0.0,16.0,9.342320442199707,7.785197734832764,9.342320442199707,7.785197734832764,0
116,0.01780773459486099,-0.04986467864407589,0.0,16.0,9.342320442199707,7.785197734832764,9.342320442199707,7.785197734832764,0
117,0.017807734594860947,-0.049864678644075844,0.0,16.0,9.342320442199707,7.785197734832764,9.342320442199707,7.785197734832764,0
118,0.017807734594860902,-0.0498646786440758,0.0,16.0,9.342320442199707,7.785197734832764,9.342320442199707,7.785197734832764,0
119,0.017807734594860857,-0.04986467864407576,0.0,16.0,9.342320442199707,7.785197734832764,9.342320442199707,7.785197734832764,0
120,0.017807734594860816,-0.04986467864407572,0.0,16.0,9.342320442199707,7.785197734832764,9.342320442199707,7.785197734832764,0
121,0.017807734594860774,-0.04986467864407567,0.0,16.0,9.342320442199707,7.785197734832764,9.342320442199707,7.785197734832764,0
122,0.01780773459486073,-0.04986467864407563,0.0,16.0,9.342320442199707,7.785197734832764,9.342320442199707,7.785197734832764,0
123,0.017807734594860684,-0.04986467864407559,0.0,16.0,9.342320442199707,7.785197734832764,9.342320442199707,7.785197734832764,0
124,0.017807734594860642,-0.049864678644075545,0.0,16.0,9.342320442199707,7.785197734832764,9.342320442199707,7.785197734832764,0
125,0.0178077345948606,-0.0498646786440755,0.0,16.0,9.342320442199707,7.785197734832764,9.342320442199707,7.785197734832764,0
126,0.017807734594860555,-0.049864678644075455,0.0,16.0,9.342320442199707,7.785197734832764,9.342320442199707,7.785197734832764,0
127,0.01780773459486051,-0.049864678644075414,0.0,16.0,9.342320442199707,7.785197734832764,9.342320442199707,7.785197734832764,0
128,0.01780773459486047,-0.04986467864407537,0.0,16.0,9.342320442199707,7.785197734832764,9.342320442199707,7.785197734832764,0
129,0.017807734594860427,-0.04986467864407532,0.0,16.0,9.342320442199707,7.785197734832764,9.342320442199707,7.785197734832764,0
130,0.017807734594860382,-0.04986467864407528,0.0,16.0,9.342320442199707,7.785197734832764,9.342320442199707,7.785197734832764,0
131,0.017807734594860337,-0.04986467864407524,0.0,16.0,9.342320442199707,7.785197734832764,9.342320442199707,7.785197734832764,0
132,0.017807734594860295,-0.0498646786440752,0.0,16.0,9.342320442199707,7.785197734832764,9.342320442199707,7.785197734832764,0
133,0.017807734594860253,-0.04986467864407515,0.0,16.0,9.342320442199707,7.785197734832764,9.342320442199707,7.785197734832764,0
134,0.01780773459486021,-0.04986467864407511,0.0,16.0,9.342320442199707,7.785197734832764,9.342320442199707,7.785197734832764,0
135,0.017807734594860163,-0.04986467864407507,0.0,16.0,9.342320442199707,7.785197734832764,9.342320442199707,7.785197734832764,0
136,0.01780773459486012,-0.049864678644075025,0.0,16.0,9.342320442199707,7.785197734832764,9.342320442199707,7.785197734832764,0
137,0.01780773459486008,-0.049864678644074976,0.0,16.0,9.342320442199707,7.785197734832764,9.342320442199707,7.785197734832764,0
138,0.017807734594860035,-0.049864678644074935,0.0,16.0,9.342320442199707,7.785197734832764,9.342320442199707,7.785197734832764,0
139,0.01780773459485999,-0.04986467864407489,0.0,16.0,9.342320442199707,7.785197734832764,9.342320442199707,7.785197734832764,0
140,0.017807734594859948,-0.04986467864407485,0.0,16.0,9.342320442199707,7.785197734832764,9.342320442199707,7.785197734832764,0
141,0.017807734594859907,-0.0498646786440748,0.0,16.0,9.342320442199707,7.785197734832764,9.342320442199707,7.785197734832764,0
142,0.01780773459485986,-0.04986467864407476,0.0,16.0,9.342320442199707,7.785197734832764,9.342320442199707,7.785197734832764,0
143,0.017807734594859816,-0.04986467864407472,0.0,16.0,9.342320442199707,7.785197734832764,9.342320442199707,7.785197734832764,0
144,0.017807734594859775,-0.04986467864407468,0.0,16.0,9.342320442199707,7.785197734832764,9.342320442199707,7.785197734832764,0
145,0.017807734594859733,-0.04986467864407463,0.0,16.0,9.342320442199707,7.785197734832764,9.342320442199707,7.785197734832764,0
146,0.017807734594859688,-0.04986467864407459,0.0,16.0,9.342320442199707,7.785197734832764,9.342320442199707,7.785197734832764,0
147,0.017807734594859643,-0.049864678644074546,0.0,16.0,9.342320442199707,7.785197734832764,9.342320442199707,7.785197734832764,0
148,0.0178077345948596,-0.049864678644074505,0.0,16.0,9.342320442199707,7.785197734832764,9.342320442199707,7.785197734832764,0
149,0.01780773459485956,-0.049864678644074456,0.0,16.0,9.342320442199707,7.785197734832764,9.342320442199707,7.785197734832764,0
150,0.017807734594859514,-0.049864678644074414,0.0,16.0,9.342320442199707,7.785197734832764,9.342320442199707,7.785197734832764,0
151,0.01780773459485947,-0.04986467864407437,0.0,16.0,9.342320442199707,7.785197734832764,9.342320442199707,7.785197734832764,0
152,0.017807734594859428,-0.04986467864407433,0.0,16.0,9.342320442199707,7.785197734832764,9.342320442199707,7.785197734832764,0
153,0.017807734594859386,-0.04986467864407428,0.0,16.0,9.342320442199707,7.785197734832764,9.342320442199707,7.785197734832764,0
154,0.01780773459485934,-0.04986467864407424,0.0,16.0,9.342320442199707,7.785197734832764,9.342320442199707,7.785197734832764,0
155,0.017807734594859296,-0.0498646786440742,0.0,16.0,9.342320442199707,7.785197734832764,9.342320442199707,7.785197734832764,0
156,0.017807734594859254,-0.04986467864407416,0.0,16.0,9.342320442199707,7.785197734832764,9.342320442199707,7.785197734832764,0
157,0.017807734594859213,-0.04986467864407411,0.0,16.0,9.342320442199707,7.785197734832764,9.342320442199707,7.785197734832764,0
158,0.017807734594859168,-0.04986467864407407,0.0,16.0,9.342320442199707,7.785197734832764,9.342320442199707,7.785197734832764,0
159,0.017807734594859122,-0.049864678644074026,0.0,16.0,9.342320442199707,7.785197734832764,9.342320442199707,7.785197734832764,0
160,0.01780773459485908,-0.049864678644073984,0.0,16.0,9.342320442199707,7.785197734832764,9.342320442199707,7.785197734832764,0
161,0.01780773459485904,-0.049864678644073936,0.0,16.0,9.342320442199707,7.785197734832764,9.342320442199707,7.785197734832764,0
162,0.017807734594858994,-0.049864678644073894,0.0,16.0,9.342320442199707,7.785197734832764,9.342320442199707,7.785197734832764,0
163,0.01780773459485895,-0.04986467864407385,0.0,16.0,9.342320442199707,7.785197734832764,9.342320442199707,7.785197734832764,0
164,0.017807734594858907,-0.04986467864407381,0.0,16.0,9.342320442199707,7.785197734832764,9.342320442199707,7.785197734832764,0
165,0.017807734594858866,-0.04986467864407376,0.0,16.0,9.342320442199707,7.785197734832764,9.342320442199707,7.785197734832764,0
166,0.01780773459485882,-0.04986467864407372,0.0,16.0,9.342320442199707,7.785197734832764,9.342320442199707,7.785197734832764,0
167,0.017807734594858775,-0.04986467864407368,0.0,16.0,9.342320442199707,7.785197734832764,9.342320442199707,7.785197734832764,0
168,0.017807734594858734,-0.04986467864407364,0.0,16.0,9.342320442199707,7.785197734832764,9.342320442199707,7.785197734832764,0
169,0.017807734594858692,-0.04986467864407359,0.0,16.0,9.342320442199707,7.785197734832764,9.342320442199707,7.785197734832764,0
170,0.017807734594858647,-0.04986467864407355,0.0,16.0,9.342320442199707,7.785197734832764,9.342320442199707,7.785197734832764,0
171,0.017807734594858602,-0.049864678644073505,0.0,16.0,9.342320442199707,7.785197734832764,9.342320442199707,7.785197734832764,0
172,0.01780773459485856,-0.049864678644073464,0.0,16.0,9.342320442199707,7.785197734832764,9.342320442199707,7.785197734832764,0
173,0.01780773459485852,-0.049864678644073415,0.0,16.0,9.342320442199707,7.785197734832764,9.342320442199707,7.785197734832764,0
174,0.017807734594858474,-0.049864678644073374,0.0,16.0,9.342320442199707,7.785197734832764,9.342320442199707,7.785197734832764,0
175,0.01780773459485843,-0.04986467864407333,0.0,16.0,9.342320442199707,7.785197734832764,9.342320442199707,7.785197734832764,0
176,0.017807734594858387,-0.04986467864407329,0.0,16.0,9.342320442199707,7.785197734832764,9.342320442199707,7.785197734832764,0
177,0.017807734594858345,-0.04986467864407324,0.0,16.0,9.342320442199707,7.785197734832764,9.342320442199707,7.785197734832764,0
178,0.0178077345948583,-0.0498646786440732,0.0,16.0,9.342320442199707,7.785197734832764,9.342320442199707,7.785197734832764,0
179,0.017807734594858255,-0.04986467864407316,0.0,16.0,9.342320442199707,7.785197734832764,9.342320442199707,7.785197734832764,0
180,0.017807734594858213,-0.04986467864407312,0.0,16.0,9.342320442199707,7.785197734832764,9.342320442199707,7.785197734832764,0
181,0.017807734594858172,-0.04986467864407307,0.0,16.0,9.342320442199707,7.785197734832764,9.342320442199707,7.785197734832764,0
182,0.017807734594858127,-0.04986467864407303,0.0,16.0,9.342320442199707,7.785197734832764,9.342320442199707,7.785197734832764,0
183,0.01780773459485808,-0.049864678644072985,0.0,16.0,9.342320442199707,7.785197734832764,9.342320442199707,7.785197734832764,0
184,0.01780773459485804,-0.04986467864407294,0.0,16.0,9.342320442199707,7.785197734832764,9.342320442199707,7.785197734832764,0
185,0.017807734594858,-0.049864678644072895,0.0,16.0,9.342320442199707,7.785197734832764,9.342320442199707,7.785197734832764,0
186,0.017807734594857953,-0.04986467864407285,0.0,16.0,9.342320442199707,7.785197734832764,9.342320442199707,7.785197734832764,0
187,0.017807734594857908,-0.04986467864407281,0.0,16.0,9.342320442199707,7.785197734832764,9.342320442199707,7.785197734832764,0
188,0.017807734594857867,-0.04986467864407277,0.0,16.0,9.342320442199707,7.785197734832764,9.342320442199707,7.785197734832764,0
189,0.017807734594857825,-0.04986467864407272,0.0,16.0,9.342320442199707,7.785197734832764,9.342320442199707,7.785197734832764,0
190,0.01780773459485778,-0.04986467864407268,0.0,16.0,9.342320442199707,7.785197734832764,9.342320442199707,7.785197734832764,0
191,0.017807734594857735,-0.04986467864407264,0.0,16.0,9.342320442199707,7.785197734832764,9.342320442199707,7.785197734832764,0
192,0.017807734594857693,-0.049864678644072596,0.0,16.0,9.342320442199707,7.785197734832764,9.342320442199707,7.785197734832764,0
193,0.01780773459485765,-0.04986467864407255,0.0,16.0,9.342320442199707,7.785197734832764,9.342320442199707,7.785197734832764,0
194,0.017807734594857606,-0.049864678644072506,0.0,16.0,9.342320442199707,7.785197734832764,9.342320442199707,7.785197734832764,0
195,0.01780773459485756,-0.049864678644072465,0.0,16.0,9.342320442199707,7.785197734832764,9.342320442199707,7.785197734832764,0
196,0.01780773459485752,-0.04986467864407242,0.0,16.0,9.342320442199707,7.785197734832764,9.342320442199707,7.785197734832764,0
197,0.017807734594857478,-0.049864678644072374,0.0,16.0,9.342320442199707,7.785197734832764,9.342320442199707,7.785197734832764,0
198,0.017807734594857433,-0.04986467864407233,0.0,16.0,9.342320442199707,7.785197734832764,9.342320442199707,7.785197734832764,0
199,0.017807734594857388,-0.04986467864407229,0.0,16.0,9.342320442199707,7.785197734832764,9.342320442199707,7.785197734832764,0
200,0.017807734594857346,-0.04986467864407225,0.0,16.0,9.342320442199707,7.785197734832764,9.342320442199707,7.785197734832764,0
201,0.017807734594857304,-0.0498646786440722,0.0,16.0,9.342320442199707,7.785197734832764,9.342320442199707,7.785197734832764,0
202,0.01780773459485726,-0.04986467864407216,0.0,16.0,9.342320442199707,7.785197734832764,9.342320442199707,7.785197734832764,0
203,0.017807734594857214,-0.04986467864407212,0.0,16.0,9.342320442199707,7.785197734832764,9.342320442199707,7.785197734832764,0
204,0.017807734594857173,-0.049864678644072076,0.0,16.0,9.342320442199707,7.785197734832764,9.342320442199707,7.785197734832764,0
205,0.01780773459485713,-0.04986467864407203,0.0,16.0,9.342320442199707,7.785197734832764,9.342320442199707,7.785197734832764,0
206,0.017807734594857086,-0.049864678644071986,0.0,16.0,9.342320442199707,7.785197734832764,9.342320442199707,7.785197734832764,0
207,0.01780773459485704,-0.049864678644071944,0.0,16.0,9.342320442199707,7.785197734832764,9.342320442199707,7.785197734832764,0
208,0.017807734594857,-0.0498646786440719,0.0,16.0,9.342320442199707,7.785197734832764,9.342320442199707,7.785197734832764,0
209,0.017807734594856958,-0.049864678644071854,0.0,16.0,9.342320442199707,7.785197734832764,9.342320442199707,7.785197734832764,0
210,0.017807734594856912,-0.04986467864407181,0.0,16.0,9.342320442199707,7.785197734832764,9.342320442199707,7.785197734832764,0
211,0.017807734594856867,-0.04986467864407177,0.0,16.0,9.342320442199707,7.785197734832764,9.342320442199707,7.785197734832764,0
212,0.017807734594856826,-0.04986467864407173,0.0,16.0,9.342320442199707,7.785197734832764,9.342320442199707,7.785197734832764,0
213,0.017807734594856784,-0.04986467864407168,0.0,16.0,9.342320442199707,7.785197734832764,9.342320442199707,7.785197734832764,0
214,0.01780773459485674,-0.04986467864407164,0.0,16.0,9.342320442199707,7.785197734832764,9.342320442199707,7.785197734832764,0
215,0.017807734594856694,-0.0498646786440716,0.0,16.0,9.342320442199707,7.785197734832764,9.342320442199707,7.785197734832764,0
216,0.017807734594856652,-0.049864678644071556,0.0,16.0,9.342320442199707,7.785197734832764,9.342320442199707,7.785197734832764,0
217,0.01780773459485661,-0.04986467864407151,0.0,16.0,9.342320442199707,7.785197734832764,9.342320442199707,7.785197734832764,0
218,0.017807734594856565,-0.049864678644071465,0.0,16.0,9.342320442199707,7.785197734832764,9.342320442199707,7.785197734832764,0
219,0.01780773459485652,-0.049864678644071424,0.0,16.0,9.342320442199707,7.785197734832764,9.342320442199707,7.785197734832764,0
220,0.01780773459485648,-0.04986467864407138,0.0,16.0,9.342320442199707,7.785197734832764,9.342320442199707,7.785197734832764,0
221,0.017807734594856437,-0.049864678644071334,0.0,16.0,9.342320442199707,7.785197734832764,9.342320442199707,7.785197734832764,0
222,0.017807734594856392,-0.04986467864407129,0.0,16.0,9.342320442199707,7.785197734832764,9.342320442199707,7.785197734832764,0
223,0.017807734594856347,-0.04986467864407125,0.0,16.0,9.342320442199707,7.785197734832764,9.342320442199707,7.785197734832764,0
224,0.017807734594856305,-0.04986467864407121,0.0,16.0,9.342320442199707,7.785197734832764,9.342320442199707,7.785197734832764,0
225,0.017807734594856264,-0.04986467864407116,0.0,16.0,9.342320442199707,7.785197734832764,9.342320442199707,7.785197734832764,0
226,0.01780773459485622,-0.04986467864407112,0.0,16.0,9.342320442199707,7.785197734832764,9.342320442199707,7.785197734832764,0
227,0.017807734594856173,-0.04986467864407108,0.0,16.0,9.342320442199707,7.785197734832764,9.342320442199707,7.785197734832764,0
228,0.017807734594856132,-0.049864678644071035,0.0,16.0,9.342320442199707,7.785197734832764,9.342320442199707,7.785197734832764,0
229,0.01780773459485609,-0.04986467864407099,0.0,16.0,9.342320442199707,7.785197734832764,9.342320442199707,7.785197734832764,0
230,0.017807734594856045,-0.049864678644070945,0.0,16.0,9.342320442199707,7.785197734832764,9.342320442199707,7.785197734832764,0
231,0.017807734594856,-0.0498646786440709,0.0,16.0,9.342320442199707,7.785197734832764,9.342320442199707,7.785197734832764,0
232,0.01780773459485596,-0.04986467864407086,0.0,16.0,9.342320442199707,7.785197734832764,9.342320442199707,7.785197734832764,0
233,0.017807734594855917,-0.04986467864407081,0.0,16.0,9.342320442199707,7.785197734832764,9.342320442199707,7.785197734832764,0
234,0.01780773459485587,-0.04986467864407077,0.0,16.0,9.342320442199707,7.785197734832764,9.342320442199707,7.785197734832764,0
235,0.017807734594855826,-0.04986467864407073,0.0,16.0,9.342320442199707,7.785197734832764,9.342320442199707,7.785197734832764,0
236,0.017807734594855785,-0.04986467864407069,0.0,16.0,9.342320442199707,7.785197734832764,9.342320442199707,7.785197734832764,0
237,0.017807734594855743,-0.04986467864407064,0.0,16.0,9.342320442199707,7.785197734832764,9.342320442199707,7.785197734832764,0
238,0.017807734594855698,-0.0498646786440706,0.0,16.0,9.342320442199707,7.785197734832764,9.342320442199707,7.785197734832764,0
239,0.017807734594855653,-0.049864678644070556,0.0,16.0,9.342320442199707,7.785197734832764,9.342320442199707,7.785197734832764,0
240,0.01780773459485561,-0.049864678644070515,0.0,16.0,9.342320442199707,7.785197734832764,9.342320442199707,7.785197734832764,0
241,0.01780773459485557,-0.049864678644070466,0.0,16.0,9.342320442199707,7.785197734832764,9.342320442199707,7.785197734832764,0
242,0.017807734594855525,-0.049864678644070425,0.0,16.0,9.342320442199707,7.785197734832764,9.342320442199707,7.785197734832764,0
243,0.01780773459485548,-0.04986467864407038,0.0,16.0,9.342320442199707,7.785197734832764,9.342320442199707,7.785197734832764,0
244,0.017807734594855438,-0.04986467864407034,0.0,16.0,9.342320442199707,7.785197734832764,9.342320442199707,7.785197734832764,0
245,0.017807734594855396,-0.04986467864407029,0.0,16.0,9.342320442199707,7.785197734832764,9.342320442199707,7.785197734832764,0
246,0.01780773459485535,-0.04986467864407025,0.0,16.0,9.342320442199707,7.785197734832764,9.342320442199707,7.785197734832764,0
247,0.017807734594855306,-0.04986467864407021,0.0,16.0,9.342320442199707,7.785197734832764,9.342320442199707,7.785197734832764,0
248,0.017807734594855264,-0.04986467864407017,0.0,16.0,9.342320442199707,7.785197734832764,9.342320442199707,7.785197734832764,0
249,0.017807734594855223,-0.04986467864407012,0.0,16.0,9.342320442199707,7.785197734832764,9.342320442199707,7.785197734832764,0
250,0.017807734594855178,-0.04986467864407008,0.0,16.0,9.342320442199707,7.785197734832764,9.342320442199707,7.785197734832764,0
251,0.017807734594855133,-0.049864678644070036,0.0,16.0,9.342320442199707,7.785197734832764,9.342320442199707,7.785197734832764,0
252,0.01780773459485509,-0.049864678644069994,0.0,16.0,9.342320442199707,7.785197734832764,9.342320442199707,7.785197734832764,0
253,0.01780773459485505,-0.049864678644069946,0.0,16.0,9.342320442199707,7.785197734832764,9.342320442199707,7.785197734832764,0
254,0.017807734594855004,-0.049864678644069904,0.0,16.0,9.342320442199707,7.785197734832764,9.342320442199707,7.785197734832764,0
255,0.01780773459485496,-0.04986467864406986,0.0,16.0,9.342320442199707,7.785197734832764,9.342320442199707,7.785197734832764,0
256,0.017807734594854917,-0.04986467864406982,0.0,16.0,9.342320442199707,7.785197734832764,9.342320442199707,7.785197734832764,0
257,0.017807734594854876,-0.04986467864406977,0.0,16.0,9.342320442199707,7.785197734832764,9.342320442199707,7.785197734832764,0
258,0.01780773459485483,-0.04986467864406973,0.0,16.0,9.342320442199707,7.785197734832764,9.342320442199707,7.785197734832764,0
259,0.017807734594854786,-0.04986467864406969,0.0,16.0,9.342320442199707,7.785197734832764,9.342320442199707,7.785197734832764,0
260,0.017807734594854744,-0.04986467864406965,0.0,16.0,9.342320442199707,7.785197734832764,9.342320442199707,7.785197734832764,0
261,0.017807734594854702,-0.0498646786440696,0.0,16.0,9.342320442199707,7.785197734832764,9.342320442199707,7.785197734832764,0
262,0.017807734594854657,-0.04986467864406956,0.0,16.0,9.342320442199707,7.785197734832764,9.342320442199707,7.785197734832764,0
263,0.017807734594854612,-0.049864678644069516,0.0,16.0,9.342320442199707,7.785197734832764,9.342320442199707,7.785197734832764,0
264,0.01780773459485457,-0.049864678644069474,0.0,16.0,9.342320442199707,7.785197734832764,9.342320442199707,7.785197734832764,0
265,0.01780773459485453,-0.049864678644069425,0.0,16.0,9.342320442199707,7.785197734832764,9.342320442199707,7.785197734832764,0
266,0.017807734594854484,-0.049864678644069384,0.0,16.0,9.342320442199707,7.785197734832764,9.342320442199707,7.785197734832764,0
267,0.01780773459485444,-0.04986467864406934,0.0,16.0,9.342320442199707,7.785197734832764,9.342320442199707,7.785197734832764,0
268,0.017807734594854397,-0.0498646786440693,0.0,16.0,9.342320442199707,7.785197734832764,9.342320442199707,7.785197734832764,0
269,0.017807734594854355,-0.04986467864406925,0.0,16.0,9.342320442199707,7.785197734832764,9.342320442199707,7.785197734832764,0
270,0.01780773459485431,-0.04986467864406921,0.0,16.0,9.342320442199707,7.785197734832764,9.342320442199707,7.785197734832764,0
271,0.017807734594854265,-0.04986467864406917,0.0,16.0,9.342320442199707,7.785197734832764,9.342320442199707,7.785197734832764,0
272,0.017807734594854224,-0.04986467864406913,0.0,16.0,9.342320442199707,7.785197734832764,9.342320442199707,7.785197734832764,0
273,0.017807734594854182,-0.04986467864406908,0.0,16.0,9.342320442199707,7.785197734832764,9.342320442199707,7.785197734832764,0
274,0.017807734594854137,-0.04986467864406904,0.0,16.0,9.342320442199707,7.785197734832764,9.342320442199707,7.785197734832764,0
275,0.017807734594854092,-0.049864678644068995,0.0,16.0,9.342320442199707,7.785197734832764,9.342320442199707,7.785197734832764,0
276,0.01780773459485405,-0.049864678644068954,0.0,16.0,9.342320442199707,7.785197734832764,9.342320442199707,7.785197734832764,0
277,0.01780773459485401,-0.049864678644068905,0.0,16.0,9.342320442199707,7.785197734832764,9.342320442199707,7.785197734832764,0
278,0.017807734594853963,-0.04986467864406886,0.0,16.0,9.342320442199707,7.785197734832764,9.342320442199707,7.785197734832764,0
279,0.01780773459485392,-0.04986467864406882,0.0,16.0,9.342320442199707,7.785197734832764,9.342320442199707,7.785197734832764,0
280,0.017807734594853877,-0.04986467864406878,0.0,16.0,9.342320442199707,7.785197734832764,9.342320442199707,7.785197734832764,0
281,0.017807734594853835,-0.04986467864406873,0.0,16.0,9.342320442199707,7.785197734832764,9.342320442199707,7.785197734832764,0
282,0.01780773459485379,-0.04986467864406869,0.0,16.0,9.342320442199707,7.785197734832764,9.342320442199707,7.785197734832764,0
283,0.017807734594853745,-0.04986467864406865,0.0,16.0,9.342320442199707,7.785197734832764,9.342320442199707,7.785197734832764,0
284,0.017807734594853703,-0.04986467864406861,0.0,16.0,9.342320442199707,7.785197734832764,9.342320442199707,7.785197734832764,0
285,0.01780773459485366,-0.04986467864406856,0.0,16.0,9.342320442199707,7.785197734832764,9.342320442199707,7.785197734832764,0
286,0.017807734594853616,-0.049864678644068516,0.0,16.0,9.342320442199707,7.785197734832764,9.342320442199707,7.785197734832764,0
287,0.01780773459485357,-0.049864678644068475,0.0,16.0,9.342320442199707,7.785197734832764,9.342320442199707,7.785197734832764,0
288,0.01780773459485353,-0.04986467864406843,0.0,16.0,9.342320442199707,7.785197734832764,9.342320442199707,7.785197734832764,0
289,0.017807734594853488,-0.049864678644068385,0.0,16.0,9.342320442199707,7.785197734832764,9.342320442199707,7.785197734832764,0
290,0.017807734594853443,-0.04986467864406834,0.0,16.0,9.342320442199707,7.785197734832764,9.342320442199707,7.785197734832764,0
291,0.017807734594853398,-0.0498646786440683,0.0,16.0,9.342320442199707,7.785197734832764,9.342320442199707,7.785197734832764,0
292,0.017807734594853356,-0.04986467864406826,0.0,16.0,9.342320442199707,7.785197734832764,9.342320442199707,7.785197734832764,0
293,0.017807734594853315,-0.04986467864406821,0.0,16.0,9.342320442199707,7.785197734832764,9.342320442199707,7.785197734832764,0
294,0.01780773459485327,-0.04986467864406817,0.0,16.0,9.342320442199707,7.785197734832764,9.342320442199707,7.785197734832764,0
295,0.017807734594853224,-0.04986467864406813,0.0,16.0,9.342320442199707,7.785197734832764,9.342320442199707,7.785197734832764,0
296,0.017807734594853183,-0.049864678644068086,0.0,16.0,9.342320442199707,7.785197734832764,9.342320442199707,7.785197734832764,0
297,0.01780773459485314,-0.04986467864406804,0.0,16.0,9.342320442199707,7.785197734832764,9.342320442199707,7.785197734832764,0
298,0.017807734594853096,-0.049864678644067996,0.0,16.0,9.342320442199707,7.785197734832764,9.342320442199707,7.785197734832764,0
299,0.01780773459485305,-0.049864678644067954,0.0,16.0,9.342320442199707,7.785197734832764,9.342320442199707,7.785197734832764,0
300,0.01780773459485301,-0.04986467864406791,0.0,16.0,9.342320442199707,7.785197734832764,9.342320442199707,7.785197734832764,0
301,0.017807734594852968,-0.049864678644067864,0.0,16.0,9.209258079528809,7.837399482727051,9.209258079528809,7.837399482727051,1
302,0.017807924166262288,-0.04986514671029548,0.0,16.0,9.209258079528809,7.837399482727051,9.209258079528809,7.837399482727051,0
303,0.01780784796727156,-0.049865339210366205,0.0,16.0,9.209258079528809,7.837399482727051,9.209258079528809,7.837399482727051,0
304,0.017807807050658805,-0.04986537076098028,0.0,16.0,9.209258079528809,7.837399482727051,9.209258079528809,7.837399482727051,0
305,0.017807803511419456,-0.049865372586511206,0.0,16.0,9.209258079528809,7.837399482727051,9.209258079528809,7.837399482727051,0
306,0.017807803860727184,-0.04986537185265472,0.0,16.0,9.209258079528809,7.837399482727051,9.209258079528809,7.837399482727051,0
307,0.017807803972172947,-0.04986537165937379,0.0,16.0,9.209258079528809,7.837399482727051,9.209258079528809,7.837399482727051,0
308,0.01780780398243525,-0.049865371648271935,0.0,16.0,9.209258079528809,7.837399482727051,9.209258079528809,7.837399482727051,0
309,0.017807803981790816,-0.04986537165176384,0.0,16.0,9.209258079528809,7.837399482727051,9.209258079528809,7.837399482727051,0
310,0.017807803981433102,-0.04986537165276314,0.0,16.0,9.209258079528809,7.837399482727051,9.209258079528809,7.837399482727051,0
311,0.017807803981395712,-0.049865371652859446,0.0,16.0,9.209258079528809,7.837399482727051,9.209258079528809,7.837399482727051,0
312,0.01780780398140076,-0.04986537165285005,0.0,16.0,9.209258079528809,7.837399482727051,9.209258079528809,7.837399482727051,0
313,0.017807803981402925,-0.04986537165284563,0.0,16.0,9.209258079528809,7.837399482727051,9.209258079528809,7.837399482727051,0
314,0.01780780398140322,-0.04986537165284505,0.0,16.0,9.209258079528809,7.837399482727051,9.209258079528809,7.837399482727051,0
315,0.017807803981403247,-0.04986537165284502,0.0,16.0,9.209258079528809,7.837399482727051,9.209258079528809,7.837399482727051,0
316,0.017807803981403244,-0.04986537165284502,0.0,16.0,9.209258079528809,7.837399482727051,9.209258079528809,7.837399482727051,0
317,0.017807803981403286,-0.04986537165284499,0.0,16.0,9.209258079528809,7.837399482727051,9.209258079528809,7.837399482727051,0
318,0.017807803981403324,-0.04986537165284498,0.0,16.0,9.209258079528809,7.837399482727051,9.209258079528809,7.837399482727051,0
319,0.017807803981403334,-0.04986537165284492,0.0,16.0,9.209258079528809,7.837399482727051,9.209258079528809,7.837399482727051,0
320,0.01780780398140335,-0.04986537165284485,0.0,16.0,9.209258079528809,7.837399482727051,9.209258079528809,7.837399482727051,0
321,0.017807803981403365,-0.0498653716528448,0.0,16.0,9.209258079528809,7.837399482727051,9.209258079528809,7.837399482727051,0
322,0.017807803981403383,-0.04986537165284474,0.0,16.0,9.209258079528809,7.837399482727051,9.209258079528809,7.837399482727051,0
323,0.017807803981403397,-0.04986537165284469,0.0,16.0,9.209258079528809,7.837399482727051,9.209258079528809,7.837399482727051,0
324,0.017807803981403414,-0.04986537165284464,0.0,16.0,9.209258079528809,7.837399482727051,9.209258079528809,7.837399482727051,0
325,0.017807803981403428,-0.04986537165284458,0.0,16.0,9.209258079528809,7.837399482727051,9.209258079528809,7.837399482727051,0
326,0.017807803981403445,-0.049865371652844534,0.0,16.0,9.209258079528809,7.837399482727051,9.209258079528809,7.837399482727051,0
327,0.01780780398140346,-0.04986537165284448,0.0,16.0,9.209258079528809,7.837399482727051,9.209258079528809,7.837399482727051,0
328,0.017807803981403473,-0.04986537165284442,0.0,16.0,9.209258079528809,7.837399482727051,9.209258079528809,7.837399482727051,0
329,0.01780780398140349,-0.04986537165284437,0.0,16.0,9.209258079528809,7.837399482727051,9.209258079528809,7.837399482727051,0
330,0.017807803981403504,-0.04986537165284431,0.0,16.0,9.209258079528809,7.837399482727051,9.209258079528809,7.837399482727051,0
331,0.01780780398140352,-0.049865371652844256,0.0,16.0,9.209258079528809,7.837399482727051,9.209258079528809,7.837399482727051,0
332,0.017807803981403535,-0.0498653716528442,0.0,16.0,9.209258079528809,7.837399482727051,9.209258079528809,7.837399482727051,0
333,0.017807803981403553,-0.049865371652844145,0.0,16.0,9.209258079528809,7.837399482727051,9.209258079528809,7.837399482727051,0
334,0.017807803981403567,-0.04986537165284409,0.0,16.0,9.209258079528809,7.837399482727051,9.209258079528809,7.837399482727051,0
335,0.017807803981403584,-0.04986537165284404,0.0,16.0,9.209258079528809,7.837399482727051,9.209258079528809,7.837399482727051,0
336,0.017807803981403598,-0.049865371652843986,0.0,16.0,9.209258079528809,7.837399482727051,9.209258079528809,7.837399482727051,0
337,0.01780780398140361,-0.04986537165284393,0.0,16.0,9.209258079528809,7.837399482727051,9.209258079528809,7.837399482727051,0
338,0.01780780398140363,-0.049865371652843875,0.0,16.0,9.209258079528809,7.837399482727051,9.209258079528809,7.837399482727051,0
339,0.017807803981403643,-0.04986537165284382,0.0,16.0,9.209258079528809,7.837399482727051,9.209258079528809,7.837399482727051,0
340,0.01780780398140366,-0.049865371652843764,0.0,16.0,9.209258079528809,7.837399482727051,9.209258079528809,7.837399482727051,0
341,0.017807803981403674,-0.04986537165284371,0.0,16.0,9.209258079528809,7.837399482727051,9.209258079528809,7.837399482727051,0
342,0.01780780398140369,-0.04986537165284365,0.0,16.0,9.209258079528809,7.837399482727051,9.209258079528809,7.837399482727051,0
343,0.017807803981403705,-0.0498653716528436,0.0,16.0,9.209258079528809,7.837399482727051,9.209258079528809,7.837399482727051,0
344,0.017807803981403723,-0.04986537165284355,0.0,16.0,9.209258079528809,7.837399482727051,9.209258079528809,7.837399482727051,0
345,0.017807803981403737,-0.049865371652843486,0.0,16.0,9.209258079528809,7.837399482727051,9.209258079528809,7.837399482727051,0
346,0.01780780398140375,-0.04986537165284343,0.0,16.0,9.209258079528809,7.837399482727051,9.209258079528809,7.837399482727051,0
347,0.017807803981403768,-0.049865371652843375,0.0,16.0,9.209258079528809,7.837399482727051,9.209258079528809,7.837399482727051,0
348,0.01780780398140378,-0.04986537165284332,0.0,16.0,9.209258079528809,7.837399482727051,9.209258079528809,7.837399482727051,0
349,0.0178078039814038,-0.04986537165284326,0.0,16.0,9.209258079528809,7.837399482727051,9.209258079528809,7.837399482727051,0
350,0.017807803981403813,-0.0498653716528432,0.0,16.0,9.209258079528809,7.837399482727051,9.209258079528809,7.837399482727051,0
351,0.01780780398140383,-0.04986537165284315,0.0,16.0,9.209258079528809,7.837399482727051,9.209258079528809,7.837399482727051,0
352,0.017807803981403844,-0.0498653716528431,0.0,16.0,9.209258079528809,7.837399482727051,9.209258079528809,7.837399482727051,0
353,0.01780780398140386,-0.04986537165284304,0.0,16.0,9.209258079528809,7.837399482727051,9.209258079528809,7.837399482727051,0
354,0.017807803981403875,-0.04986537165284299,0.0,16.0,9.209258079528809,7.837399482727051,9.209258079528809,7.837399482727051,0
355,0.01780780398140389,-0.04986537165284293,0.0,16.0,9.209258079528809,7.837399482727051,9.209258079528809,7.837399482727051,0
356,0.017807803981403907,-0.049865371652842876,0.0,16.0,9.209258079528809,7.837399482727051,9.209258079528809,7.837399482727051,0
357,0.01780780398140392,-0.04986537165284282,0.0,16.0,9.209258079528809,7.837399482727051,9.209258079528809,7.837399482727051,0
358,0.017807803981403938,-0.049865371652842765,0.0,16.0,9.209258079528809,7.837399482727051,9.209258079528809,7.837399482727051,0
359,0.01780780398140395,-0.04986537165284271,0.0,16.0,9.209258079528809,7.837399482727051,9.209258079528809,7.837399482727051,0
360,0.01780780398140397,-0.04986537165284266,0.0,16.0,9.209258079528809,7.837399482727051,9.209258079528809,7.837399482727051,0
361,0.017807803981403983,-0.049865371652842605,0.0,16.0,9.209258079528809,7.837399482727051,9.209258079528809,7.837399482727051,0
362,0.017807803981404,-0.04986537165284255,0.0,16.0,9.209258079528809,7.837399482727051,9.209258079528809,7.837399482727051,0
363,0.017807803981404014,-0.049865371652842494,0.0,16.0,9.209258079528809,7.837399482727051,9.209258079528809,7.837399482727051,0
364,0.017807803981404028,-0.04986537165284244,0.0,16.0,9.209258079528809,7.837399482727051,9.209258079528809,7.837399482727051,0
365,0.017807803981404045,-0.049865371652842376,0.0,16.0,9.209258079528809,7.837399482727051,9.209258079528809,7.837399482727051,0
366,0.01780780398140406,-0.04986537165284232,0.0,16.0,9.209258079528809,7.837399482727051,9.209258079528809,7.837399482727051,0
367,0.017807803981404077,-0.049865371652842265,0.0,16.0,9.209258079528809,7.837399482727051,9.209258079528809,7.837399482727051,0
368,0.01780780398140409,-0.04986537165284221,0.0,16.0,9.209258079528809,7.837399482727051,9.209258079528809,7.837399482727051,0
369,0.017807803981404108,-0.049865371652842154,0.0,16.0,9.209258079528809,7.837399482727051,9.209258079528809,7.837399482727051,0
370,0.01780780398140412,-0.0498653716528421,0.0,16.0,9.209258079528809,7.837399482727051,9.209258079528809,7.837399482727051,0
371,0.01780780398140414,-0.04986537165284205,0.0,16.0,9.209258079528809,7.837399482727051,9.209258079528809,7.837399482727051,0
372,0.017807803981404153,-0.049865371652841994,0.0,16.0,9.209258079528809,7.837399482727051,9.209258079528809,7.837399482727051,0
373,0.017807803981404167,-0.04986537165284194,0.0,16.0,9.209258079528809,7.837399482727051,9.209258079528809,7.837399482727051,0
374,0.017807803981404184,-0.04986537165284188,0.0,16.0,9.209258079528809,7.837399482727051,9.209258079528809,7.837399482727051,0
375,0.017807803981404198,-0.04986537165284183,0.0,16.0,9.209258079528809,7.837399482727051,9.209258079528809,7.837399482727051,0
376,0.017807803981404215,-0.04986537165284177,0.0,16.0,9.209258079528809,7.837399482727051,9.209258079528809,7.837399482727051,0
377,0.01780780398140423,-0.04986537165284172,0.0,16.0,9.209258079528809,7.837399482727051,9.209258079528809,7.837399482727051,0
378,0.017807803981404247,-0.04986537165284167,0.0,16.0,9.209258079528809,7.837399482727051,9.209258079528809,7.837399482727051,0
379,0.01780780398140426,-0.04986537165284161,0.0,16.0,9.209258079528809,7.837399482727051,9.209258079528809,7.837399482727051,0
380,0.017807803981404278,-0.049865371652841564,0.0,16.0,9.209258079528809,7.837399482727051,9.209258079528809,7.837399482727051,0
381,0.01780780398140429,-0.0498653716528415,0.0,16.0,9.209258079528809,7.837399482727051,9.209258079528809,7.837399482727051,0
382,0.017807803981404306,-0.049865371652841446,0.0,16.0,9.209258079528809,7.837399482727051,9.209258079528809,7.837399482727051,0
383,0.017807803981404323,-0.049865371652841384,0.0,16.0,9.209258079528809,7.837399482727051,9.209258079528809,7.837399482727051,0
384,0.017807803981404337,-0.04986537165284133,0.0,16.0,9.209258079528809,7.837399482727051,9.209258079528809,7.837399482727051,0
385,0.017807803981404354,-0.049865371652841266,0.0,16.0,9.209258079528809,7.837399482727051,9.209258079528809,7.837399482727051,0
386,0.017807803981404368,-0.04986537165284121,0.0,16.0,9.209258079528809,7.837399482727051,9.209258079528809,7.837399482727051,0
387,0.017807803981404385,-0.04986537165284116,0.0,16.0,9.209258079528809,7.837399482727051,9.209258079528809,7.837399482727051,0
388,0.0178078039814044,-0.049865371652841106,0.0,16.0,9.209258079528809,7.837399482727051,9.209258079528809,7.837399482727051,0
389,0.017807803981404417,-0.04986537165284105,0.0,16.0,9.209258079528809,7.837399482727051,9.209258079528809,7.837399482727051,0
390,0.01780780398140443,-0.04986537165284099,0.0,16.0,9.209258079528809,7.837399482727051,9.209258079528809,7.837399482727051,0
391,0.017807803981404444,-0.04986537165284093,0.0,16.0,9.209258079528809,7.837399482727051,9.209258079528809,7.837399482727051,0
392,0.01780780398140446,-0.04986537165284088,0.0,16.0,9.209258079528809,7.837399482727051,9.209258079528809,7.837399482727051,0
393,0.017807803981404476,-0.04986537165284082,0.0,16.0,9.209258079528809,7.837399482727051,9.209258079528809,7.837399482727051,0
394,0.017807803981404493,-0.049865371652840766,0.0,16.0,9.209258079528809,7.837399482727051,9.209258079528809,7.837399482727051,0
395,0.017807803981404507,-0.04986537165284071,0.0,16.0,9.209258079528809,7.837399482727051,9.209258079528809,7.837399482727051,0
396,0.017807803981404524,-0.04986537165284066,0.0,16.0,9.209258079528809,7.837399482727051,9.209258079528809,7.837399482727051,0
397,0.017807803981404538,-0.04986537165284061,0.0,16.0,9.209258079528809,7.837399482727051,9.209258079528809,7.837399482727051,0
398,0.017807803981404555,-0.04986537165284055,0.0,16.0,9.209258079528809,7.837399482727051,9.209258079528809,7.837399482727051,0
399,0.01780780398140457,-0.049865371652840496,0.0,16.0,9.209258079528809,7.837399482727051,9.209258079528809,7.837399482727051,0
400,0.017807803981404583,-0.04986537165284044,0.0,16.0,9.209258079528809,7.837399482727051,9.209258079528809,7.837399482727051,0
401,0.0178078039814046,-0.04986537165284038,0.0,16.0,9.209258079528809,7.837399482727051,9.209258079528809,7.837399482727051,0
402,0.017807803981404614,-0.04986537165284032,0.0,16.0,9.175195693969727,7.850314140319824,9.175195693969727,7.850314140319824,1
403,0.01780785854777645,-0.04986548342943095,0.0,16.0,9.175195693969727,7.850314140319824,9.175195693969727,7.850314140319824,0
404,0.017807842612560812,-0.04986552789421439,0.0,16.0,9.175195693969727,7.850314140319824,9.175195693969727,7.850314140319824,0
405,0.017807832767136045,-0.04986553520223202,0.0,16.0,9.175195693969727,7.850314140319824,9.175195693969727,7.850314140319824,0
406,0.017807831898708073,-0.04986553566736124,0.0,16.0,9.175195693969727,7.850314140319824,9.175195693969727,7.850314140319824,0
407,0.017807831978633167,-0.049865535500455097,0.0,16.0,9.175195693969727,7.850314140319824,9.175195693969727,7.850314140319824,0
408,0.017807832018831227,-0.049865535452391606,0.0,16.0,9.175195693969727,7.850314140319824,9.175195693969727,7.850314140319824,0
409,0.017807832025136795,-0.049865535448778954,0.0,16.0,9.175195693969727,7.850314140319824,9.175195693969727,7.850314140319824,0
410,0.017807832024985794,-0.049865535449430204,0.0,16.0,9.175195693969727,7.850314140319824,9.175195693969727,7.850314140319824,0
411,0.01780783202485639,-0.0498655354496391,0.0,16.0,9.175195693969727,7.850314140319824,9.175195693969727,7.850314140319824,0
412,0.01780783202484223,-0.04986553544966102,0.0,16.0,9.175195693969727,7.850314140319824,9.175195693969727,7.850314140319824,0
413,0.017807832024842655,-0.0498655354496595,0.0,16.0,9.175195693969727,7.850314140319824,9.175195693969727,7.850314140319824,0
414,0.017807832024843047,-0.049865535449658556,0.0,16.0,9.175195693969727,7.850314140319824,9.175195693969727,7.850314140319824,0
415,0.017807832024843106,-0.049865535449658376,0.0,16.0,9.175195693969727,7.850314140319824,9.175195693969727,7.850314140319824,0
416,0.0178078320248431,-0.0498655354496583,0.0,16.0,9.175195693969727,7.850314140319824,9.175195693969727,7.850314140319824,0
417,0.01780783202484306,-0.049865535449658244,0.0,16.0,9.175195693969727,7.850314140319824,9.175195693969727,7.850314140319824,0
418,0.017807832024843026,-0.04986553544965819,0.0,16.0,9.175195693969727,7.850314140319824,9.175195693969727,7.850314140319824,0
419,0.017807832024842995,-0.049865535449658126,0.0,16.0,9.175195693969727,7.850314140319824,9.175195693969727,7.850314140319824,0
420,0.017807832024842957,-0.04986553544965807,0.0,16.0,9.175195693969727,7.850314140319824,9.175195693969727,7.850314140319824,0
421,0.01780783202484292,-0.049865535449657994,0.0,16.0,9.175195693969727,7.850314140319824,9.175195693969727,7.850314140319824,0
422,0.017807832024842905,-0.04986553544965791,0.0,16.0,9.175195693969727,7.850314140319824,9.175195693969727,7.850314140319824,0
423,0.017807832024842898,-0.049865535449657813,0.0,16.0,9.175195693969727,7.850314140319824,9.175195693969727,7.850314140319824,0
424,0.017807832024842887,-0.04986553544965772,0.0,16.0,9.175195693969727,7.850314140319824,9.175195693969727,7.850314140319824,0
425,0.017807832024842863,-0.04986553544965762,0.0,16.0,9.175195693969727,7.850314140319824,9.175195693969727,7.850314140319824,0
426,0.017807832024842814,-0.049865535449657536,0.0,16.0,9.175195693969727,7.850314140319824,9.175195693969727,7.850314140319824,0
427,0.017807832024842773,-0.04986553544965746,0.0,16.0,9.175195693969727,7.850314140319824,9.175195693969727,7.850314140319824,0
428,0.017807832024842755,-0.04986553544965738,0.0,16.0,9.175195693969727,7.850314140319824,9.175195693969727,7.850314140319824,0
429,0.017807832024842724,-0.049865535449657286,0.0,16.0,9.175195693969727,7.850314140319824,9.175195693969727,7.850314140319824,0
430,0.017807832024842693,-0.04986553544965718,0.0,16.0,9.175195693969727,7.850314140319824,9.175195693969727,7.850314140319824,0
431,0.01780783202484266,-0.04986553544965708,0.0,16.0,9.175195693969727,7.850314140319824,9.175195693969727,7.850314140319824,0
432,0.017807832024842606,-0.04986553544965703,0.0,16.0,9.175195693969727,7.850314140319824,9.175195693969727,7.850314140319824,0
433,0.017807832024842603,-0.04986553544965698,0.0,16.0,9.175195693969727,7.850314140319824,9.175195693969727,7.850314140319824,0
434,0.017807832024842582,-0.04986553544965691,0.0,16.0,9.175195693969727,7.850314140319824,9.175195693969727,7.850314140319824,0
435,0.01780783202484253,-0.04986553544965682,0.0,16.0,9.175195693969727,7.850314140319824,9.175195693969727,7.850314140319824,0
436,0.017807832024842478,-0.04986553544965673,0.0,16.0,9.175195693969727,7.850314140319824,9.175195693969727,7.850314140319824,0
437,0.01780783202484245,-0.049865535449656606,0.0,16.0,9.175195693969727,7.850314140319824,9.175195693969727,7.850314140319824,0
438,0.017807832024842415,-0.04986553544965651,0.0,16.0,9.175195693969727,7.850314140319824,9.175195693969727,7.850314140319824,0
439,0.017807832024842374,-0.04986553544965641,0.0,16.0,9.175195693969727,7.850314140319824,9.175195693969727,7.850314140319824,0
440,0.017807832024842325,-0.04986553544965633,0.0,16.0,9.175195693969727,7.850314140319824,9.175195693969727,7.850314140319824,0
441,0.017807832024842273,-0.04986553544965623,0.0,16.0,9.175195693969727,7.850314140319824,9.175195693969727,7.850314140319824,0
442,0.01780783202484222,-0.04986553544965614,0.0,16.0,9.175195693969727,7.850314140319824,9.175195693969727,7.850314140319824,0
443,0.01780783202484217,-0.04986553544965604,0.0,16.0,9.175195693969727,7.850314140319824,9.175195693969727,7.850314140319824,0
444,0.017807832024842117,-0.04986553544965595,0.0,16.0,9.175195693969727,7.850314140319824,9.175195693969727,7.850314140319824,0
445,0.017807832024842065,-0.04986553544965584,0.0,16.0,9.175195693969727,7.850314140319824,9.175195693969727,7.850314140319824,0
446,0.01780783202484201,-0.049865535449655767,0.0,16.0,9.175195693969727,7.850314140319824,9.175195693969727,7.850314140319824,0
447,0.017807832024841957,-0.0498655354496557,0.0,16.0,9.175195693969727,7.850314140319824,9.175195693969727,7.850314140319824,0
448,0.017807832024841912,-0.0498655354496556,0.0,16.0,9.175195693969727,7.850314140319824,9.175195693969727,7.850314140319824,0
449,0.01780783202484186,-0.04986553544965552,0.0,16.0,9.175195693969727,7.850314140319824,9.175195693969727,7.850314140319824,0
450,0.01780783202484181,-0.04986553544965543,0.0,16.0,9.175195693969727,7.850314140319824,9.175195693969727,7.850314140319824,0
451,0.017807832024841756,-0.04986553544965535,0.0,16.0,9.175195693969727,7.850314140319824,9.175195693969727,7.850314140319824,0
452,0.017807832024841708,-0.04986553544965527,0.0,16.0,9.175195693969727,7.850314140319824,9.175195693969727,7.850314140319824,0
453,0.017807832024841666,-0.049865535449655184,0.0,16.0,9.175195693969727,7.850314140319824,9.175195693969727,7.850314140319824,0
454,0.017807832024841645,-0.0498655354496551,0.0,16.0,9.175195693969727,7.850314140319824,9.175195693969727,7.850314140319824,0
455,0.01780783202484162,-0.04986553544965502,0.0,16.0,9.175195693969727,7.850314140319824,9.175195693969727,7.850314140319824,0
456,0.017807832024841604,-0.04986553544965495,0.0,16.0,9.175195693969727,7.850314140319824,9.175195693969727,7.850314140319824,0
457,0.017807832024841576,-0.049865535449654864,0.0,16.0,9.175195693969727,7.850314140319824,9.175195693969727,7.850314140319824,0
458,0.017807832024841517,-0.04986553544965481,0.0,16.0,9.175195693969727,7.850314140319824,9.175195693969727,7.850314140319824,0
459,0.017807832024841475,-0.049865535449654746,0.0,16.0,9.175195693969727,7.850314140319824,9.175195693969727,7.850314140319824,0
460,0.017807832024841423,-0.04986553544965466,0.0,16.0,9.175195693969727,7.850314140319824,9.175195693969727,7.850314140319824,0
461,0.01780783202484137,-0.04986553544965458,0.0,16.0,9.175195693969727,7.850314140319824,9.175195693969727,7.850314140319824,0
462,0.01780783202484132,-0.0498655354496545,0.0,16.0,9.175195693969727,7.850314140319824,9.175195693969727,7.850314140319824,0
463,0.017807832024841267,-0.04986553544965441,0.0,16.0,9.175195693969727,7.850314140319824,9.175195693969727,7.850314140319824,0
464,0.017807832024841215,-0.04986553544965433,0.0,16.0,9.175195693969727,7.850314140319824,9.175195693969727,7.850314140319824,0
465,0.017807832024841163,-0.04986553544965425,0.0,16.0,9.175195693969727,7.850314140319824,9.175195693969727,7.850314140319824,0
466,0.017807832024841107,-0.04986553544965416,0.0,16.0,9.175195693969727,7.850314140319824,9.175195693969727,7.850314140319824,0
467,0.01780783202484106,-0.04986553544965407,0.0,16.0,9.175195693969727,7.850314140319824,9.175195693969727,7.850314140319824,0
468,0.017807832024841,-0.04986553544965399,0.0,16.0,9.175195693969727,7.850314140319824,9.175195693969727,7.850314140319824,0
469,0.01780783202484094,-0.0498655354496539,0.0,16.0,9.175195693969727,7.850314140319824,9.175195693969727,7.850314140319824,0
470,0.01780783202484088,-0.04986553544965382,0.0,16.0,9.175195693969727,7.850314140319824,9.175195693969727,7.850314140319824,0
471,0.017807832024840844,-0.04986553544965371,0.0,16.0,9.175195693969727,7.850314140319824,9.175195693969727,7.850314140319824,0
472,0.017807832024840806,-0.04986553544965361,0.0,16.0,9.175195693969727,7.850314140319824,9.175195693969727,7.850314140319824,0
473,0.01780783202484075,-0.04986553544965351,0.0,16.0,9.175195693969727,7.850314140319824,9.175195693969727,7.850314140319824,0
474,0.017807832024840688,-0.04986553544965342,0.0,16.0,9.175195693969727,7.850314140319824,9.175195693969727,7.850314140319824,0
475,0.01780783202484064,-0.04986553544965335,0.0,16.0,9.175195693969727,7.850314140319824,9.175195693969727,7.850314140319824,0
476,0.017807832024840622,-0.04986553544965326,0.0,16.0,9.175195693969727,7.850314140319824,9.175195693969727,7.850314140319824,0
477,0.01780783202484061,-0.04986553544965317,0.0,16.0,9.175195693969727,7.850314140319824,9.175195693969727,7.850314140319824,0
478,0.017807832024840584,-0.04986553544965309,0.0,16.0,9.175195693969727,7.850314140319824,9.175195693969727,7.850314140319824,0
479,0.017807832024840556,-0.049865535449653005,0.0,16.0,9.175195693969727,7.850314140319824,9.175195693969727,7.850314140319824,0
480,0.017807832024840528,-0.04986553544965291,0.0,16.0,9.175195693969727,7.850314140319824,9.175195693969727,7.850314140319824,0
481,0.017807832024840483,-0.049865535449652824,0.0,16.0,9.175195693969727,7.850314140319824,9.175195693969727,7.850314140319824,0
482,0.017807832024840445,-0.04986553544965275,0.0,16.0,9.175195693969727,7.850314140319824,9.175195693969727,7.850314140319824,0
483,0.017807832024840417,-0.04986553544965267,0.0,16.0,9.175195693969727,7.850314140319824,9.175195693969727,7.850314140319824,0
484,0.01780783202484036,-0.049865535449652595,0.0,16.0,9.175195693969727,7.850314140319824,9.175195693969727,7.850314140319824,0
485,0.01780783202484035,-0.049865535449652505,0.0,16.0,9.175195693969727,7.850314140319824,9.175195693969727,7.850314140319824,0
486,0.0178078320248403,-0.049865535449652436,0.0,16.0,9.175195693969727,7.850314140319824,9.175195693969727,7.850314140319824,0
487,0.017807832024840247,-0.04986553544965236,0.0,16.0,9.175195693969727,7.850314140319824,9.175195693969727,7.850314140319824,0
488,0.017807832024840223,-0.04986553544965226,0.0,16.0,9.175195693969727,7.850314140319824,9.175195693969727,7.850314140319824,0
489,0.017807832024840202,-0.04986553544965217,0.0,16.0,9.175195693969727,7.850314140319824,9.175195693969727,7.850314140319824,0
490,0.017807832024840188,-0.04986553544965209,0.0,16.0,9.175195693969727,7.850314140319824,9.175195693969727,7.850314140319824,0
491,0.017807832024840153,-0.04986553544965201,0.0,16.0,9.175195693969727,7.850314140319824,9.175195693969727,7.850314140319824,0
492,0.017807832024840115,-0.04986553544965191,0.0,16.0,9.175195693969727,7.850314140319824,9.175195693969727,7.850314140319824,0
493,0.01780783202484008,-0.049865535449651804,0.0,16.0,9.175195693969727,7.850314140319824,9.175195693969727,7.850314140319824,0
494,0.017807832024840042,-0.0498655354496517,0.0,16.0,9.175195693969727,7.850314140319824,9.175195693969727,7.850314140319824,0
495,0.017807832024839976,-0.04986553544965161,0.0,16.0,9.175195693969727,7.850314140319824,9.175195693969727,7.850314140319824,0
496,0.017807832024839966,-0.049865535449651534,0.0,16.0,9.175195693969727,7.850314140319824,9.175195693969727,7.850314140319824,0
497,0.017807832024839956,-0.049865535449651444,0.0,16.0,9.175195693969727,7.850314140319824,9.175195693969727,7.850314140319824,0
498,0.017807832024839945,-0.04986553544965136,0.0,16.0,9.175195693969727,7.850314140319824,9.175195693969727,7.850314140319824,0
499,0.017807832024839924,-0.04986553544965129,0.0,16.0,9.175195693969727,7.850314140319824,9.175195693969727,7.850314140319824,0
500,0.017807832024839872,-0.04986553544965122,0.0,16.0,9.175195693969727,7.850314140319824,9.175195693969727,7.850314140319824,0
501,0.01780783202483982,-0.04986553544965114,0.0,16.0,9.175195693969727,7.850314140319824,9.175195693969727,7.850314140319824,0
502,0.01780783202483977,-0.049865535449651034,0.0,16.0,9.175195693969727,7.850314140319824,9.175195693969727,7.850314140319824,0
